Hz,power
0.0,140.97040602289402
0.9999999999999999,0.008610030877396998
1.9999999999999998,0.43981395007084767
3.0,0.7198886856948434
3.9999999999999996,0.2657288999552815
5.0,0.15899782510119317
6.0,1.0076186432081187
7.0,0.923005660378259
7.999999999999999,2.4814906568981874
9.0,5.983991633128572
10.0,589.491047326127
11.0,4.4300743792759985
12.0,0.8004648557600715
13.0,1.3618041364000604
14.0,0.6923620873803052
14.999999999999998,0.0758093143415846
15.999999999999998,0.029340695786116533
17.0,0.9080000281955108
18.0,0.10199628919906722
19.0,0.13313960114260398
20.0,1.410310961835042
21.0,0.007711669124699055
22.0,0.12777857626553912
23.0,0.638477466479632
24.0,0.6723127667421289
25.0,0.18218422350729963
26.0,0.0879708665932686
27.0,0.13540483089013486
28.0,0.21391317690983674
29.0,0.4378582189271656
29.999999999999996,3.4174587510655687
31.0,0.4521026890052161
31.999999999999996,0.18073571304605476
33.0,0.17630930651852825
34.0,0.10844818344002594
35.0,0.0414571973472769
36.0,0.3967980402377802
37.0,0.00397118840700481
38.0,0.04017011503529874
39.0,0.17342903260662668
40.0,0.8143078491520563
41.0,0.2821485724705682
42.0,0.10364710811768761
43.0,0.1574243224137128
44.0,0.18673192991345447
45.0,0.04427247853506832
46.0,0.2950664911169935
47.0,0.012567314060587441
48.0,0.40986989280032426
49.0,0.05502100966918771
50.0,0.04841651386616111
51.0,0.05563558737586538
52.0,0.3011512434129819
53.0,0.02121511051171339
54.0,0.24171705205816668
55.0,0.10541584469608589
56.0,0.0037831853623318283
57.0,0.3214043634365046
58.0,0.08350059758882877
59.0,0.18167370195364474
59.99999999999999,0.11255541503128874
61.0,0.017968898301898812
62.0,0.1730221442722502
63.00000000000001,0.08930454900471421
63.99999999999999,0.09841464446785532
65.0,0.07850776066026358
66.0,0.12190484527527866
67.0,0.04455965458614196
68.0,0.18589778255093828
69.0,0.13147567538411553
70.0,0.18011531239775302
71.0,0.053842611314910103
72.0,0.010016765431057775
73.0,0.05318053100358722
74.0,0.31292157049242386
75.0,0.0055957496812019366
76.0,0.27582357422402415
77.0,0.30574461427050853
78.0,0.2214213457882201
79.0,0.07116463391816512
80.0,0.1513977031532632
81.0,0.00888058930187522
82.0,0.05314923313922459
83.0,0.008331108987530735
84.0,0.11999237940194195
85.0,0.21447007254577807
86.0,0.2106921785150525
87.0,0.00698408241177081
88.0,0.18321428676195106
89.0,0.03567266123950624
90.0,0.29249780993206537
91.0,0.10552496986672498
92.0,0.04300287756686057
93.0,0.06393622711763249
94.0,0.3136279549281958
95.0,0.005864690105172977
96.0,0.21617040627627232
97.0,0.11839083279142051
98.0,0.19628577049370968
99.0,0.024679839216660174
100.0,0.07331113822115623
101.0,0.202552635675193
102.0,0.03371142132240929
103.0,0.04946247768961886
104.0,0.1679143755542347
105.0,0.05206299005645812
106.0,0.14182842061079898
107.0,0.11399497480497987
108.0,0.2001567835364489
109.0,0.1654637182057824
110.0,0.2631489729668138
111.0,0.24926993652397225
112.0,0.14849412481960084
113.0,0.19069028314783112
114.0,0.06755225974754026
115.00000000000001,0.11555464386778025
116.0,0.28525927490971575
116.99999999999999,0.05231426609870928
118.0,0.09790567461366129
119.0,0.0851913155140844
119.99999999999999,0.15862403624217267
121.0,0.1600968500865458
122.0,0.1889572161937312
123.00000000000001,0.308360286643106
124.0,0.17625098619098448
125.0,0.0942730103012632
126.00000000000001,0.0741442118146742
127.0,0.12231779568220666
127.99999999999999,0.12204754248376079
129.0,0.1783508940435059
130.0,0.5534559007582606
131.0,0.09267904210742678
132.0,0.04525746674699138
133.0,0.0386500090832011
134.0,0.009483111611253033
135.0,0.01168441807421385
136.0,0.04729920970832386
137.0,0.042160337465167834
138.0,0.1143703514174779
139.0,0.056380399067877146
140.0,0.39858860301184723
141.0,0.002333513211205421
142.0,0.003935692065334762
143.0,0.16185345484724667
144.0,0.0333944546680329
145.0,0.0366214416159229
146.0,0.039002957187675436
147.0,0.20629040954678493
148.0,0.00012028922986726619
149.0,0.2703260777001478
150.0,0.11760065311276288
151.0,0.02763872730997933
152.0,0.03805080608084146
153.0,0.08911674984721729
154.0,0.08048215696857301
155.0,0.042340319272880865
156.0,0.002891051964345062
157.0,0.00579643024022132
158.0,0.21010165609443965
159.0,0.1374761791647215
160.0,0.07359489257801866
161.0,0.042473427659680416
162.0,0.053842051614502444
163.0,0.06547402945221982
164.0,0.13775533690249556
165.0,0.0016405040303443792
166.0,0.043177188447354596
167.0,0.0021574377430801546
168.0,0.28661166892459494
169.0,0.007145782610730284
170.0,0.4354464898016958
171.0,0.007240953415697826
172.0,0.05673163075079462
173.0,0.30199102065744127
174.0,0.011049561676791863
175.0,0.036710319794292706
176.0,0.24883430957113048
177.0,0.08058072566161704
178.0,0.024492192225706404
179.0,0.06857564869096944
180.0,0.05575036328088795
181.0,0.01690133331307271
182.0,0.022648470350349212
183.0,0.05005307126537173
184.0,0.09988373195320714
185.0,0.07025013682829966
186.0,0.2238859006295906
187.0,0.06040980910644204
188.0,0.0944472093006329
189.0,0.1183021736165934
190.0,0.08011623535684567
191.0,0.0009950104577799827
192.0,0.1157943200411429
193.0,0.08358349655043786
194.0,0.061040874785377564
195.0,0.08194968727909521
196.0,0.1868029947138944
197.0,0.11081504277320917
198.0,0.028096452249822816
199.0,0.003224473363151012
200.0,0.005128745436491201
201.0,0.01223129490486472
202.0,0.00932064618758137
203.0,0.0023440933788920165
204.0,0.05095121117981021
205.0,0.09851454554922616
206.0,0.005875988657685645
207.0,0.01696197458018892
208.0,0.023953476867348642
209.0,0.051209381048990574
210.0,0.12167293006232155
211.0,0.0045878243267540985
212.0,0.09135771662455586
213.0,0.08801270773243608
214.0,0.11313193435909026
215.0,0.4803402640995158
216.0,0.16969914130132777
217.0,0.10783490205655279
218.0,0.03316534409712018
219.0,0.07990305885709698
220.0,0.007642657641295572
221.0,0.02377600253767627
222.0,0.050945030368628505
223.0,0.024155791125791498
224.0,0.03191535606355292
225.0,0.005362302085807457
226.0,0.029121138216570797
227.0,0.2813846491951556
228.0,0.019037997711040245
229.0,0.17087206966976465
230.00000000000003,0.01889204731095112
230.99999999999997,0.06550940562134192
232.0,0.028175342367411826
233.00000000000003,0.06809308190770834
233.99999999999997,0.10916075062117983
235.0,0.011030731639708895
236.0,0.04421878949072461
236.99999999999997,0.1054928849126534
238.0,0.04908001492019845
239.0,0.0026019282880042297
239.99999999999997,0.08069968760075236
241.0,0.140902790024257
242.0,0.0191766529126486
243.00000000000003,0.03670097428365661
244.0,0.09956416349081654
245.0,0.030251846865702457
246.00000000000003,0.0014265825661871788
247.0,0.09352930315954167
248.0,0.0001641995864199948
249.00000000000003,0.12241962267898243
250.0,0.09239110427243877
251.0,0.08733349296791171
252.00000000000003,0.17612479813883736
252.99999999999997,0.06483190766679192
254.0,0.04121724966129168
255.00000000000003,0.08446032988849525
255.99999999999997,0.001048028360521021
257.0,0.14388026343570684
258.0,0.036319983014594895
259.0,0.2816152039055181
260.0,0.00362318310127652
261.0,0.06761952111788719
262.0,0.05861200415540736
263.0,0.0071748813773642945
264.0,0.02759240869677354
265.0,0.08347143189797064
266.0,0.0334168334275935
267.0,0.031934232193790754
268.0,0.09130930507581722
269.0,0.08847336560478246
270.0,0.02029120241655176
271.0,0.014107115802362048
272.0,0.09545587691423996
273.0,0.03694510770919738
274.0,0.022249825612902396
275.0,0.21379770584527186
276.0,0.060218309149706106
277.0,0.05077404048680265
278.0,0.013436132602857528
279.0,0.0650599229797156
280.0,0.04836166335563574
281.0,0.0493631111004567
282.0,0.013741371848335909
283.0,0.034406996353567115
284.0,0.06149531200904877
285.0,0.01510966637514138
286.0,0.038446784753878284
287.0,0.04198805676815645
288.0,0.029669349507642086
289.0,0.020075536975915038
290.0,0.02800052776065902
291.0,0.0340728464082512
292.0,0.1185684909076352
293.0,0.04944016636653344
294.0,0.013475377883445263
295.0,0.061103132778702635
296.0,0.040526674168499074
297.0,0.006150200835114868
298.0,0.032433659879827464
299.0,0.046679851900517655
300.0,0.058064283390756616
301.0,0.014343260406058482
302.0,0.013138336003472015
303.0,0.038803564515214786
304.0,0.00546984918392047
305.0,0.06764855672231773
306.0,0.008424698425678327
307.0,0.05726592611282607
308.0,0.0017474261389873425
309.0,0.020495382226353838
310.0,0.020955246405715448
311.0,0.012482717851639413
312.0,0.011899333691894966
313.0,0.03299777190703372
314.0,0.02761890540721503
315.0,0.02229897525690633
316.0,0.036117384018532275
317.0,0.04941604615038807
318.0,0.03548918460790316
319.0,0.010581808292134655
320.0,0.04106537124381804
321.0,0.0159403110641334
322.0,0.027028801496792376
323.0,0.026766733210285096
324.0,0.04103985559768636
325.0,0.011631733894772461
326.0,0.06559483994298922
327.0,0.07710218249895003
328.0,0.003933751500542582
329.0,0.012871430891651681
330.0,0.021606446244948205
331.0,0.005315097219190937
332.0,0.09623942440604476
333.0,0.026529032292759075
334.0,0.007498139857856671
335.0,0.015973693554164097
336.0,0.030050684470172697
337.0,0.047682551862857525
338.0,0.010885318819559888
339.0,0.18024540886184973
340.0,0.046240953122116825
341.0,0.08339421637598307
342.0,0.019131114662847698
343.0,0.0037536359395889786
344.0,0.017459050954477945
345.0,0.034292942399972756
346.0,0.0989447706640594
347.0,0.05836520581970604
348.0,0.056627781429275596
349.0,0.05356650190300751
350.0,0.010902413096389597
351.0,0.005714046646061309
352.0,0.001553191510852355
353.0,0.05176399190767493
354.0,0.05613110336023128
355.0,0.08121465232657542
356.0,0.03608872427865332
357.0,0.019695004099359877
358.0,0.03254155037621796
359.0,0.003408129782244257
360.0,0.009650830771587054
361.0,0.04214290971919939
362.0,0.003028351365963497
363.0,0.07278003331278922
364.0,0.009236732343137885
365.0,0.010998492076076801
366.0,0.005021734535956037
367.0,0.008028234762376248
368.0,0.005037736447539145
369.0,0.02061486947411452
370.0,0.006262324942454314
371.0,0.016743737321422307
372.0,0.028965656087607587
373.0,0.031215059531855466
374.0,0.015144714328678453
375.0,0.0014799447814609944
376.0,0.01652793511375481
377.0,0.025962597830209443
378.0,0.04355763599537657
379.0,0.016647910791619095
380.0,0.014495247397886973
381.0,0.016950938643080726
382.0,0.011904017365807085
383.0,0.020361945422054033
384.0,0.05804186757355221
385.0,0.010325843048465365
386.0,0.038660603638129065
387.0,0.014228907752291013
388.0,0.03233755119446081
389.0,0.06872350795747928
390.0,0.05120295780804615
391.0,0.06710645771865136
392.0,0.006337621882424858
393.0,0.062209341584440594
394.0,0.01034367751002189
395.0,0.04461128538841035
396.0,0.0028137257766095575
397.0,0.050826858207884865
398.0,0.003315965851316674
399.0,0.04810087185610343
400.0,0.021019713069353782
401.0,0.09055256745087295
402.0,0.003418097204243702
403.0,0.009149486412558886
404.0,0.0762473478586728
405.0,0.006884025945187128
406.0,0.0206970735939338
407.0,0.10534449076550106
408.0,0.011461861226317583
409.0,0.05929197381927607
410.0,0.0013556994694533656
411.0,0.02336347946938359
412.0,0.023529365966631195
413.0,0.045567204808900766
414.0,0.027187350030545586
415.0,0.05804985339186594
416.0,0.044151254040992044
417.0,0.027177094748433106
418.0,0.03063564249109932
419.0,0.03407493502439528
420.0,0.027532892374491996
421.0,0.0029154567166345237
422.0,0.015833000916391577
423.0,0.027408615785883404
424.0,0.01842509782353956
425.0,0.07310953794473823
426.0,0.012449425287319108
427.0,0.07021208655158605
428.0,0.03413351007639487
429.0,0.003974568272051187
430.0,0.028630293051466214
431.0,0.009107491925290184
432.0,0.03512251895269389
433.0,0.012228645921554065
434.0,0.06648591672968664
435.0,0.031097927160788436
436.0,0.028264823674195236
437.0,0.0020229569769699696
438.0,0.005234354557135869
439.0,0.03161381637542869
440.0,0.014257518843605026
441.0,0.015466727647524917
442.0,0.008521535349535732
443.0,0.007135386999272118
444.0,0.03769072082707244
445.0,0.008615100415429407
446.0,0.017170844546977867
447.0,0.0016368672459403041
448.0,0.11693591165590962
449.0,0.029177164854457226
450.0,0.005459556130236661
451.0,0.015368080646977289
452.0,0.004467921361726667
453.0,0.0040822755480842635
454.0,0.014059897668891971
455.0,0.06531307938598448
456.0,0.02732500397325093
457.0,0.019323150035725024
458.0,0.012450074792729946
459.0,0.0020113047236019533
460.00000000000006,0.016741972114365535
460.99999999999994,0.01745565754173937
461.99999999999994,0.002710950013917035
463.0,0.01500997668100422
464.0,0.0019513679964115044
465.0,0.012272990696907593
466.00000000000006,0.0010933652836757487
467.00000000000006,0.03221912394719579
467.99999999999994,0.013862226077156273
469.0,0.048006699442042416
470.0,0.004899340779346612
471.0,0.01205505615424247
472.0,0.03448944093262186
473.00000000000006,0.004082759182013954
473.99999999999994,0.040365603604000565
475.0,0.009507246241160368
476.0,0.006699890611749071
477.0,0.03896367851065988
478.0,0.031423351790371624
479.00000000000006,0.009077789931106044
479.99999999999994,0.0035847760521855593
480.99999999999994,0.021747152211490425
482.0,0.06004039941369651
483.0,0.003369585415808571
484.0,0.014520227301703702
485.00000000000006,0.023126783532610225
486.00000000000006,0.03718184547067201
486.99999999999994,0.012613201492404164
488.0,0.008504824526301507
489.0,0.02870691262125788
490.0,0.011779221271862497
491.00000000000006,0.005273622699690531
492.00000000000006,0.008842827993918428
492.99999999999994,0.013016213830290922
494.0,0.013229250559563858
495.0,0.013910584309882658
496.0,0.008413474845593738
497.0,0.010863403503927536
498.00000000000006,0.0042291978649466695
498.99999999999994,0.023121922395448517
500.0,0.00634643330862587
501.0,0.010845286805548943
502.0,0.0026165414682991113
503.0,0.02771947019756703
504.00000000000006,0.010027635627995742
504.99999999999994,0.00934685869317819
505.99999999999994,0.05368232559946875
507.0,0.0018819480256861102
508.0,0.01174926578315152
509.0,0.011548285587877563
510.00000000000006,0.012059976161228787
511.00000000000006,0.029964114001098385
511.99999999999994,0.002723524287008093
513.0,0.028398083929810074
514.0,0.011420898636862978
515.0,0.016071217680280983
516.0,0.0007522494363620465
517.0,0.0036895554624434574
518.0,0.0023858754713605326
519.0,0.08233820742087254
520.0,0.004810237815981059
521.0,0.0038212577614712704
522.0,0.021077242007840544
523.0,0.027725822092272673
524.0,0.009629900958721417
525.0,0.02898417404141336
526.0,0.05289930564606971
527.0,0.01076154592871256
528.0,0.003977507807157538
529.0,0.04311309637120891
530.0,0.0009511254498480366
531.0,0.008436833785526818
532.0,0.00970747803706809
533.0,0.03603866297187415
534.0,0.002012504570057557
535.0,0.021827804761069675
536.0,0.00753991681585736
537.0,0.010888995025135708
538.0,0.020247897711276105
539.0,0.004079800215057314
540.0,0.002745992265705134
541.0,0.025052332712576772
542.0,0.0031352835885694297
543.0,0.0018584103426838006
544.0,0.02032094488764847
545.0,0.06403366206488131
546.0,0.025405465521868207
547.0,0.017462491508555656
548.0,0.04876038027519482
549.0,0.05436475145316001
550.0,0.005371940327934746
551.0,0.013631264796396553
552.0,0.05420545938690738
553.0,0.00892065593430997
554.0,0.0035081601622932697
555.0,0.018488028472110916
556.0,0.03414106704676506
557.0,0.025971019894287142
558.0,0.02963877873966761
559.0,0.027424507090873483
560.0,0.022180316618696138
561.0,0.0345805827158146
562.0,0.0103164411123406
563.0,0.057406909336151446
564.0,0.0013687064102725756
565.0,0.023453002357222846
566.0,0.030536450191142706
567.0,0.03986800645778092
568.0,0.009419648028955528
569.0,0.012648306571728378
570.0,0.0018390431636315639
571.0,0.049149100451166085
572.0,0.008123760598452672
573.0,0.024519914545493526
574.0,0.0339648289338193
575.0,0.043509087719650535
576.0,0.0005717165723818495
577.0,0.0036185164599392534
578.0,0.03319453215795282
579.0,0.043828585097501205
580.0,0.0018737710827031388
581.0,0.008230647347575738
582.0,0.009462493341122393
583.0,0.020920078785060303
584.0,0.0019340870792024906
585.0,0.03541564753160676
586.0,0.0031244972908094394
587.0,0.003163773193954743
588.0,0.013964026176544773
589.0,0.067316049652036
590.0,0.016315770802032725
591.0,0.0057626350951795
592.0,0.002479460808286085
593.0,0.04690101931901629
594.0,0.06981589041073188
595.0,0.01045316094727543
596.0,0.0008718692923670984
597.0,0.0018282922957815217
598.0,0.004380998562064613
599.0,0.008338325355743864
600.0,0.003212728273875604
601.0,0.018491921875383618
602.0,0.030545697890611616
603.0,0.006319771516632768
604.0,0.021917040369831463
605.0,0.052942200684375454
606.0,0.002466058671322866
607.0,0.019613279589807346
608.0,0.0019118192932686523
609.0,0.01903560153959501
610.0,0.024472806926942713
611.0,0.03853808456465252
612.0,0.01085496590580071
613.0,0.020926872562177647
614.0,0.01961530612090587
615.0,0.004300319401375052
616.0,0.0006697029908080612
617.0,0.0012971948522933392
618.0,0.005106305606181674
619.0,0.03411709011186739
620.0,0.0016284614945694686
621.0,0.005856223683970521
622.0,0.024737277770715334
623.0,0.014966389135422128
624.0,0.015585431715575047
625.0,0.046019856331220715
626.0,0.03377860251803762
627.0,0.0031320106033640637
628.0,0.004157757639504743
629.0,0.01725208993334011
630.0,0.006087521783016862
631.0,0.016022970241606857
632.0,0.013515183002545969
633.0,0.009379495294453042
634.0,0.03133540272099158
635.0,0.008941255945790347
636.0,0.004752341412476651
637.0,0.03507849975090425
638.0,0.009464866350283907
639.0,0.011814008439402945
640.0,0.014188904214174559
641.0,0.03161089500800149
642.0,0.012927806329736911
643.0,0.002539942756587332
644.0,0.0021990101028758254
645.0,0.011240905284791507
646.0,0.007218050588966232
647.0,0.02291779052574367
648.0,4.7441342115045095e-06
649.0,0.013410302877485483
650.0,0.009869695430496008
651.0,0.010925422899148048
652.0,0.007772577272592045
653.0,0.016569373147849786
654.0,0.006485455659488736
655.0,0.04133220219040708
656.0,0.014502921910498724
657.0,0.0013794594227911896
658.0,0.0009950890014111952
659.0,0.05674329385807809
660.0,0.04042738066369256
661.0,0.010451619328447563
662.0,0.0013175816959978234
663.0,0.0019500062871222795
664.0,0.03101378541204989
665.0,0.04264910685250762
666.0,0.0018245342100907211
667.0,0.016801176286982963
668.0,0.0027401358314348423
669.0,0.003009444949909402
670.0,0.0060114724877921395
671.0,0.002964545875921563
672.0,0.01836806335446578
673.0,0.006379918343916284
674.0,0.008405146727486186
675.0,0.014679325221186966
676.0,0.005049379216642201
677.0,0.03232547097330249
678.0,0.001128754031858772
679.0,0.012739311226326058
680.0,0.03357813057606448
681.0,0.019107813565603815
682.0,0.007190383224419246
683.0,0.048706453648416054
684.0,0.0028471677014873065
685.0,0.0017579226625261419
686.0,0.002201721944547674
687.0,0.03757478878379432
688.0,0.0023689354109721577
689.0,0.0007988753705663361
690.0,0.017867498526614376
691.0,0.0015601512487797608
692.0,0.01027602643245313
693.0,0.010220508736377434
694.0,0.00801436606190525
695.0,0.0007230166077222785
696.0,0.0006982612966808538
697.0,0.012608495321412463
698.0,0.0059881393225569715
699.0,0.0013135050687016286
700.0,0.0198745188519174
701.0,0.0001379275086833816
702.0,0.008647892742149247
703.0,0.006322371454465424
704.0,0.005287119281086747
705.0,0.006305507253798999
706.0,0.0027679201837424584
707.0,0.02795416271393194
708.0,0.016683208049473902
709.0,0.0038718408158523467
710.0,0.01467796915022052
711.0,0.0014078432903987977
712.0,0.004253453989120206
713.0,0.0011372309056431398
714.0,0.009609667246097022
715.0,0.04585721552056991
716.0,0.0006421103276630393
717.0,0.010176881688740036
718.0,0.0006259698994968286
719.0,0.005150123463677726
720.0,0.011205742388694494
721.0,0.00997774176021555
722.0,0.002816348025364578
723.0,0.0477707029535604
724.0,0.013774073610584176
725.0,0.006131652459398959
726.0,0.0010802332807567402
727.0,0.0034674993738328126
728.0,0.022085681514130026
729.0,0.019423284960772096
730.0,0.0054925459801701635
731.0,0.00823210451582996
732.0,0.0013623959143989216
733.0,0.014009007259126472
734.0,0.02018649463516073
735.0,0.03672611864790327
736.0,0.01335227826742913
737.0,0.009730751685818023
738.0,0.012463598673769068
739.0,0.008942846789504789
740.0,0.01380945393742149
741.0,0.00039899734789170953
742.0,0.007171778871517451
743.0,0.0038827283786253127
744.0,0.0011362422089185253
745.0,0.011002972808465529
746.0,0.0004793370256572715
747.0,0.009895493949733162
748.0,0.008249246374731043
749.0,0.0004978091271939814
750.0,0.015953654603630716
751.0,0.0020418769542835725
752.0,0.01305295946131716
753.0,0.004207668700193016
754.0,0.04385072380770837
755.0,0.00267100629046973
756.0,0.0006536205225189618
757.0,0.02319457437113919
758.0,0.006937883304438595
759.0,0.0010778226502307885
760.0,0.01968267538857714
761.0,0.017912790167611003
762.0,0.004335067967237433
763.0,0.041135154316033866
764.0,0.0021824123165733395
765.0,0.011013886496203487
766.0,0.005894178120473818
767.0,0.0010612298994183745
768.0,0.008155818625643841
769.0,0.0017749945937249824
770.0,0.0024076707226108234
771.0,0.01485989730778042
772.0,0.0069179375297830715
773.0,0.0017463669919537649
774.0,0.006913936244706347
775.0,0.0035656518002537977
776.0,0.013038450979914065
777.0,0.0044208449387600265
778.0,0.0018627485240357187
779.0,0.01407908515983411
780.0,0.0007409711361713112
781.0,0.006258470505453897
782.0,0.0034749613417370583
783.0,0.029282416271147603
784.0,0.000278517874406313
785.0,0.01948141104813878
786.0,9.53368538524727e-05
787.0,0.00016790479449000002
788.0,0.0029623965693446517
789.0,0.013847191807686817
790.0,0.0073743803612047725
791.0,0.003309222013993808
792.0,0.0004726684049917411
793.0,0.005289550521991333
794.0,0.013617518945518752
795.0,0.01689956714849003
796.0,0.0022265648796115155
797.0,0.004445342523089022
798.0,0.0033191979260192
799.0,0.009922518048929595
800.0,0.021803846108995186
801.0,0.001372915983308131
802.0,0.012427306681245543
803.0,0.006396875529943747
804.0,0.0012808915301165016
805.0,0.006150810696206349
806.0,0.0030216491664408185
807.0,0.008255544494549386
808.0,0.026166984918047156
809.0,0.02131024703570001
810.0,0.023909262737534086
811.0,0.0020680206050197264
812.0,0.005325257862514275
813.0,0.006112636328671768
814.0,0.0008747175182001984
815.0,0.016199848484222852
816.0,0.014845529754667734
817.0,0.0021606056266511658
818.0,0.014096205825172622
819.0,0.016863425550695154
820.0,0.004592253290081323
821.0,0.0015637584307102474
822.0,0.011495388525479511
823.0,0.017594655218181904
824.0,0.005352078288342816
825.0,0.010079663374225035
826.0,0.0014907972841238484
827.0,0.002435679505481667
828.0,0.026796727559842793
829.0,0.009942412979227312
830.0,0.0007207300625655163
831.0,0.002933762194889364
832.0,0.005887264487203231
833.0,0.0034214114690558693
834.0,0.03951589127449358
835.0,0.014459257816789766
836.0,0.006051262202444309
837.0,0.0007856525248085863
838.0,0.022262211894847186
839.0,0.0014727335318203787
840.0,0.013342654030037234
841.0,0.005702834288602637
842.0,0.0008970240203584778
843.0,0.0052024465957681044
844.0,0.019627232835666565
845.0,0.016466567251920486
846.0,0.003403826441215724
847.0,0.01606518898787314
848.0,0.003161123576343054
849.0,0.0020691674896905457
850.0,0.009512199983994064
851.0,0.0029045223284791992
852.0,0.013405882790086528
853.0,0.0006172789923653702
854.0,0.00022976036998191915
855.0,0.011848525060824585
856.0,0.007128931945616722
857.0,0.00022927473461506478
858.0,0.020658124514106695
859.0,0.010838874207686963
860.0,0.020293380721878147
861.0,0.00537949623662353
862.0,0.008892019308407838
863.0,0.00414822241924289
864.0,0.013481361499646929
865.0,0.004510633515201937
866.0,0.005324962759885688
867.0,0.004981619899106559
868.0,0.011741452413478034
869.0,0.010312015477492513
870.0,0.017048857051654924
871.0,0.0028304733769771253
872.0,0.0017206970968690544
873.0,0.009890722350423648
874.0,0.005312945725956882
875.0,0.002647835465210246
876.0,0.020119234077506307
877.0,0.0008237260851409625
878.0,0.0013177903610296139
879.0,0.016135721715886873
880.0,0.008046879448456822
881.0,0.005759834095423873
882.0,0.013669706804817595
883.0,0.0015602927419942287
884.0,0.020793899371419438
885.0,0.012130239667603654
886.0,0.0038429835647193094
887.0,0.01003630464598975
888.0,0.0006280416470199655
889.0,0.007393484203992191
890.0,0.00023462587880244707
891.0,0.003931422117876349
892.0,0.00181439745242166
893.0,0.014474839451508391
894.0,0.0001881447330246169
895.0,0.011164128418380595
896.0,0.0022561904310468305
897.0,0.008209705106574433
898.0,0.004964228274294595
899.0,0.002622689234318897
900.0,0.015927617987312386
901.0,0.0008217338224028476
902.0,0.0055103901259612115
903.0,0.013622324406026029
904.0,0.0027533321762706277
905.0,0.005221038354260582
906.0,0.0019665567417412235
907.0,0.01837590041084035
908.0,0.005708623944024932
909.0,0.0012814998459696524
910.0,0.0030217167745533375
911.0,0.021937468449584163
912.0,0.0029310233403845947
913.0000000000001,0.0021885578836083205
914.0,0.00040406482848903344
915.0000000000001,0.003957086197877125
916.0,0.009503295903582926
916.9999999999999,0.007484065345485854
918.0,0.0011717257256265155
919.0,0.011668898547515835
920.0000000000001,0.0073518735871442925
921.0,0.000878256839927744
921.9999999999999,0.014347567799684467
923.0,0.008503928881056963
923.9999999999999,0.008416079028190611
925.0,0.013268068827012307
926.0,0.006713419167199086
927.0000000000001,0.005200769665048371
928.0,0.00410509462024901
928.9999999999999,0.0029908962270465663
930.0,0.006938088974584812
931.0,0.008940915478912825
932.0000000000001,0.00042500284022353144
933.0,0.0009548217144421662
934.0000000000001,0.0056065695832768206
935.0,0.0001938661633880829
935.9999999999999,0.005438382607881237
937.0,0.00208627352211164
938.0,0.005146841635733505
939.0000000000001,0.0037872275261673495
940.0,0.0033619435978987046
940.9999999999999,0.004170790163880283
942.0,0.016219124841212754
942.9999999999999,0.004909468592981393
944.0,0.009600126500978792
945.0,0.002958601289425314
946.0000000000001,0.005962374526635422
947.0,0.002186756072540091
947.9999999999999,0.006503334382167253
949.0,0.010476774044186963
950.0,0.003420755782685635
951.0000000000001,0.0007419699553141978
952.0,0.007841673045297433
953.0000000000001,0.0032809272047351554
954.0,0.0023460576731536946
954.9999999999999,0.004755232997807147
956.0,0.004797517979863978
957.0,0.0037349319160906126
958.0000000000001,0.0052815604948896035
959.0,0.0018233439935858796
959.9999999999999,0.015741384813388885
961.0,0.013277277197185066
961.9999999999999,0.004990663055587622
963.0,0.0141331729601954
964.0,0.005305370432766661
965.0000000000001,0.0005321322486893484
966.0,0.009238825321091399
966.9999999999999,0.0006210956549714739
968.0,0.010938811185214078
969.0,0.007315326067235518
970.0000000000001,0.0010615670841605653
971.0,0.0004951066325228734
972.0000000000001,0.012506837324848814
973.0,0.003227661488049074
973.9999999999999,0.0012404542503938272
975.0,0.0009774007169044358
976.0,0.004582320894961335
977.0000000000001,0.0010768905990257585
978.0,0.009056449573422637
978.9999999999999,0.011093061030340945
980.0,0.002335103370742455
980.9999999999999,0.005773156286979734
982.0000000000001,0.0012244144361398383
983.0,0.004872692222377754
984.0000000000001,0.003839787591337014
985.0,0.006022234281611574
985.9999999999999,0.005622065314972658
987.0,0.0034978613437737613
988.0,0.0012974970198300227
989.0000000000001,0.009747284819636229
990.0,0.01156428980538247
990.9999999999999,0.01620086803716146
992.0,0.007685534624089884
992.9999999999999,0.0023297038865903595
994.0,0.003155311747494863
995.0,0.00022308599426781466
996.0000000000001,0.0018673070444802256
997.0,0.0008777753650688895
997.9999999999999,0.0022672762956683786
999.0,0.004065173959851783
1000.0,0.0018933660790409052
1001.0000000000001,0.0055086994919095345
1002.0,0.0007945637485836818
1003.0000000000001,0.013390907730243748
1004.0,0.0003078642407494056
1004.9999999999999,0.0022105540504443995
1006.0,0.031211968596541302
1007.0,0.010221133834950127
1008.0000000000001,0.008198888826140872
1009.0,0.007232913194745578
1009.9999999999999,0.001783719599433581
1011.0,0.013461032171917237
1011.9999999999999,0.006309021173265902
1013.0,0.001154142033075351
1014.0,0.016342817316921183
1015.0000000000001,0.008439127202769393
1016.0,0.01854685982106691
1016.9999999999999,0.0019646422919586035
1018.0,0.007011090310975651
1019.0,0.0025540204812140974
1020.0000000000001,0.002489460910724313
1021.0,0.006645764935324179
1022.0000000000001,9.445238507515655e-05
1023.0,0.001676403142231716
1023.9999999999999,0.007047271327518403
1025.0,4.1932613374532824e-05
1026.0,0.008836337863143199
1027.0,0.007283919035153
1028.0,0.0033328672935543295
1029.0,0.004115631343994244
1030.0,0.006097327193200776
1031.0,0.005382437975455222
1032.0,0.0034586945341104646
1033.0,0.0055706598857101506
1034.0,0.0022022252073323413
1035.0,0.001396101097290456
1036.0,0.0009164263035702769
1037.0,0.00013010979741679923
1038.0,0.005614782483525292
1039.0,0.0027857504247088866
1040.0,0.004575664734451885
1041.0,0.007469075195970748
1042.0,0.00618827168513729
1043.0,3.275867250453263e-05
1044.0,0.0008853850789589522
1045.0,0.0017127590208086494
1046.0,0.006720133248643224
1047.0,0.0036125325948037205
1048.0,0.009927659893013994
1049.0,0.003327467618325785
1050.0,0.0011795210776241786
1051.0,0.0029300856996506584
1052.0,0.010181322157995571
1053.0,0.00743701231781128
1054.0,0.0006505826836807377
1055.0,0.013669755011252687
1056.0,0.005302019167829049
1057.0,0.016294540749432703
1058.0,0.001888740894586673
1059.0,0.00858466516400529
1060.0,0.004927295182243689
1061.0,0.004062642274782513
1062.0,0.01350053862680185
1063.0,2.8778616873003072e-05
1064.0,0.0016060050471558638
1065.0,0.004121067820892988
1066.0,0.006624927931884756
1067.0,0.0032334583753042636
1068.0,0.00786303744945898
1069.0,0.003036871325624739
1070.0,0.0008445405101882366
1071.0,0.007408957826360447
1072.0,0.002184862852569361
1073.0,0.007297741999175388
1074.0,0.008149421639217874
1075.0,6.25156393610102e-05
1076.0,0.005431567469358769
1077.0,0.001309076744942657
1078.0,0.007570902626718867
1079.0,0.0005102469558059699
1080.0,0.010108205825525707
1081.0,0.0013228525603526538
1082.0,0.0037683804984584013
1083.0,0.01163849538435822
1084.0,0.0036133550486776296
1085.0,0.01591561369100604
1086.0,0.004481226727191811
1087.0,0.019402896750423778
1088.0,0.012029402289195147
1089.0,0.003211128099143451
1090.0,0.007836636152891025
1091.0,0.0026714383362440096
1092.0,0.004315382767405145
1093.0,0.02275282626970305
1094.0,0.005732333334125615
1095.0,0.0034694778995226945
1096.0,0.004002284721858312
1097.0,0.002242893507310919
1098.0,6.1004316578916016e-05
1099.0,0.0004241763686706123
1100.0,0.00021766491663899792
1101.0,0.0010200065369682758
1102.0,0.00024005799911600202
1103.0,0.0009876742747253473
1104.0,0.0024195840092752375
1105.0,0.0005574156625980729
1106.0,0.006500498650655731
1107.0,0.006258928451226941
1108.0,0.00610684815546989
1109.0,0.0008786041387516736
1110.0,0.0035634569143212333
1111.0,0.02017789626192167
1112.0,0.003405783259200356
1113.0,0.003282893215273182
1114.0,0.00013809618785716186
1115.0,0.0033108699238929
1116.0,0.02266327568210002
1117.0,0.0015142806756252539
1118.0,0.007428685069514135
1119.0,0.007391195057531757
1120.0,0.014398798893503725
1121.0,0.010805323324741569
1122.0,0.0009727513343890243
1123.0,0.003756000865967568
1124.0,0.0064800062032334725
1125.0,0.0005818941616936854
1126.0,0.0015618266414743724
1127.0,0.0019963291684042066
1128.0,0.009203857576778416
1129.0,0.0011436798774940634
1130.0,0.003208559906086726
1131.0,0.0007209401519139761
1132.0,0.008205370389913036
1133.0,0.0001957367050953227
1134.0,0.005526114803920286
1135.0,0.005243593987033581
1136.0,0.02484279426739759
1137.0,0.0014827826654711827
1138.0,0.001071994737381085
1139.0,0.0038807356028810105
1140.0,0.002480043122620627
1141.0,0.0021009290741519217
1142.0,0.0007147976878086096
1143.0,0.003460544933575185
1144.0,0.001048870918360704
1145.0,0.009236418132125192
1146.0,0.0011971211289029627
1147.0,0.002890869469755202
1148.0,0.0008458742529448913
1149.0,0.005784440774100313
1150.0,0.0026168368668120353
1151.0,0.0012262910841278904
1152.0,0.006800294540816811
1153.0,0.0027402185919535435
1154.0,0.011149650294412242
1155.0,0.002196554200061142
1156.0,0.001896881350792762
1157.0,0.002683261537959018
1158.0,0.003694186244993296
1159.0,0.0006564864214276217
1160.0,0.005092938811388331
1161.0,0.004890327702034735
1162.0,0.001140500105930262
1163.0,0.001750926338221612
1164.0,0.007941996496585571
1165.0,0.006550771824087572
1166.0,0.0023053130232029008
1167.0,0.007917403220608682
1168.0,0.009636851612492071
1169.0,0.001492983984916916
1170.0,0.0020009032642799266
1171.0,0.0031643261068895483
1172.0,0.0036032041954573205
1173.0,0.005261661299819295
1174.0,0.0031019450959270905
1175.0,0.003478338346373901
1176.0,0.01719619301667672
1177.0,0.0007194919858090514
1178.0,0.004592106149384235
1179.0,0.0016083162838143638
1180.0,0.006699510188903945
1181.0,0.0018410203231083663
1182.0,0.003485388256933445
1183.0,0.004265184802245795
1184.0,0.002045578969530964
1185.0,0.0065260059247213165
1186.0,0.011018221432868645
1187.0,0.004052413399582797
1188.0,0.004530362063639043
1189.0,0.0013765595765712058
1190.0,0.0019259045646014385
1191.0,0.0003330445357621509
1192.0,0.006645439047175367
1193.0,0.002266105482786163
1194.0,0.0027534294139650193
1195.0,0.0003090997021023679
1196.0,0.011288899668207817
1197.0,0.0001563598148097554
1198.0,0.0010446974959104792
1199.0,0.0011437869769335934
1200.0,0.003529376864443513
1201.0,2.6382400550007353e-05
1202.0,0.0007271903587122001
1203.0,0.0017586387385140495
1204.0,0.005170829808185952
1205.0,0.00783861386415344
1206.0,0.0003867535198897112
1207.0,0.0014141348360596068
1208.0,0.002022990385820659
1209.0,0.016602720415320585
1210.0,0.0004473507310673293
1211.0,0.0007228160270404978
1212.0,0.014589520659326078
1213.0,0.004924032777425312
1214.0,0.010122339298609076
1215.0,0.0019458905392394105
1216.0,0.002167828162083641
1217.0,0.00010375118352995527
1218.0,0.0023913356337200323
1219.0,0.000181630110270075
1220.0,0.003129882270498829
1221.0,0.0049954551478039455
1222.0,0.000951888106951359
1223.0,0.002988018705176262
1224.0,0.0023952240229839165
1225.0,0.00825737160934372
1226.0,0.0029331787040116604
1227.0,0.005808299579745133
1228.0,0.014686726754049287
1229.0,0.0038348362267200454
1230.0,1.075248312971656e-05
1231.0,0.0016290078860136427
1232.0,0.0018026222085974263
1233.0,0.0037257545638073788
1234.0,0.0012802129002014782
1235.0,0.007639418988067529
1236.0,0.0015907178314795052
1237.0,0.0013158389466413497
1238.0,0.0011268374172498927
1239.0,0.011058797454679494
1240.0,0.004158922810351467
1241.0,0.0005537784821465401
1242.0,0.0030853527979205512
1243.0,0.004172351825529171
1244.0,0.0002827351220281444
1245.0,0.0049232794973229545
1246.0,0.002597168994266395
1247.0,0.0027513045299326876
1248.0,0.015551937377217794
1249.0,0.00023405967813350888
1250.0,0.013962474918342092
1251.0,0.0003719832533576229
1252.0,0.0007136991327067752
1253.0,0.001198661694734664
1254.0,0.0013299383299142265
1255.0,0.0022384802271420094
1256.0,0.0020405684197196674
1257.0,0.0031551046551809058
1258.0,0.003246034482561443
1259.0,0.01004951270513107
1260.0,0.00524811666560942
1261.0,0.0036187335499055
1262.0,0.0008785116042522643
1263.0,0.00048618589862975306
1264.0,0.0010490033044314672
1265.0,0.005586409769957477
1266.0,0.007754418308915658
1267.0,0.009773692107355292
1268.0,0.01026673925316465
1269.0,0.000892742275877365
1270.0,0.0023062127753739085
1271.0,0.004902221364645067
1272.0,0.007024555312858798
1273.0,0.0023788260809473275
1274.0,0.006106145998609593
1275.0,0.005068753198892125
1276.0,0.003536083622530356
1277.0,0.013526669680039462
1278.0,0.005031685112262913
1279.0,0.001080436090096367
1280.0,0.000763030415429999
1281.0,0.002678165744058656
1282.0,0.0021316126996086533
1283.0,0.009980364464128868
1284.0,0.003170164332464141
1285.0,0.007950128780692602
1286.0,0.0014606962847593377
1287.0,0.00014350360975460866
1288.0,0.006185693887789672
1289.0,0.002154683740447892
1290.0,0.004594958716356377
1291.0,0.004797485383712367
1292.0,0.0009679582710698613
1293.0,0.005604005718360218
1294.0,0.003303209782157001
1295.0,0.0028668929095115193
1296.0,0.0010305194739751598
1297.0,0.009056331172234615
1298.0,0.0005642375637674419
1299.0,0.0035440203009497505
1300.0,0.0024651874955024526
1301.0,0.00011097539057159595
1302.0,0.0006128002768758864
1303.0,0.003551262655408144
1304.0,0.00048502739741767474
1305.0,0.004337126967826342
1306.0,0.00046427190284809114
1307.0,0.000790456547164517
1308.0,1.5963487941078326e-05
1309.0,0.010636694887365182
1310.0,0.00039199811017387866
1311.0,0.005194729318084405
1312.0,0.0008579205295178819
1313.0,0.002219981214782038
1314.0,0.00019236018526634072
1315.0,0.0015264167088310213
1316.0,0.0007618625280525683
1317.0,0.00112295951456832
1318.0,0.0011541476065044882
1319.0,0.0005758467349516444
1320.0,0.0033276323814664544
1321.0,0.005725163768912403
1322.0,0.0023063783962365874
1323.0,0.00571127000911012
1324.0,0.005232313916050013
1325.0,0.00016099871463660253
1326.0,0.0014338581186092412
1327.0,0.010144298270891505
1328.0,0.0063311197249816655
1329.0,0.0023361546160276287
1330.0,0.00015433445928099486
1331.0,0.00417108436121512
1332.0,0.0027367861265146926
1333.0,0.0046735573166865095
1334.0,0.0049062849060666994
1335.0,0.0008891838626964692
1336.0,0.00014888387608782156
1337.0,0.0039813841097239705
1338.0,0.0026072120643866143
1339.0,0.0010356386913874902
1340.0,0.005228048835598703
1341.0,0.0005474557163669845
1342.0,0.000757281336032621
1343.0,0.0033568047828369902
1344.0,0.00012363726153764658
1345.0,0.0014885820314569239
1346.0,0.005459710420125535
1347.0,0.0015955178830464292
1348.0,0.006507206401461957
1349.0,0.007993659023885083
1350.0,0.0032388967887476325
1351.0,0.0007688360569473478
1352.0,0.002851470363515487
1353.0,0.0023361768214777198
1354.0,0.00018050899593428853
1355.0,0.000897022645048013
1356.0,0.002088514637430015
1357.0,0.002058042201462433
1358.0,0.0010119492725494408
1359.0,0.010032889937628141
1360.0,0.003894960532384943
1361.0,0.0006491512139020497
1362.0,0.004859073595053713
1363.0,0.0029160707214120267
1364.0,0.00520977869452152
1365.0,0.001967607914741855
1366.0,0.018632011511356416
1367.0,0.004308656847799047
1368.0,0.005289974515064351
1369.0,0.0025877957738319065
1370.0,0.0030675173793615587
1371.0,0.0008455917025657349
1372.0,2.3464414248903064e-05
1373.0,0.008168057242836722
1374.0,0.0023778467569175103
1375.0,0.0041447829186089845
1376.0,0.0007827243712186871
1377.0,0.00026213104803981635
1378.0,0.001397436282684179
1379.0,0.0002938250270995062
1380.0,0.014370829689204181
1381.0,0.003655461638093339
1382.0,0.00244921208081379
1383.0,0.001391682232466304
1384.0,0.010595334453171634
1385.0,0.0024566188254251334
1386.0,0.002573754344207794
1387.0,0.005256368450110372
1388.0,0.005556672283196265
1389.0,0.004099891094652777
1390.0,0.0003023059521519583
1391.0,0.004020718975839051
1392.0,0.0030988032569535346
1393.0,0.003866830551853927
1394.0,0.0004622014166721197
1395.0,0.0010141152572032126
1396.0,0.0029319043804053625
1397.0,0.002212760317797134
1398.0,0.0001443808825788949
1399.0,0.0018165777601535152
1400.0,0.003457063176391498
1401.0,0.0012546048961964277
1402.0,0.0007750717277494471
1403.0,0.0010256173907208753
1404.0,0.0019109676483298873
1405.0,0.012377589383703463
1406.0,0.000752123981012983
1407.0,0.0026734465659283965
1408.0,0.0010073526360328683
1409.0,0.0028497813808566154
1410.0,0.0014934874464352836
1411.0,0.0018728070712578397
1412.0,4.1356111532118293e-05
1413.0,0.0031267508015621957
1414.0,0.00259078709671851
1415.0,0.006500749160031894
1416.0,0.00024624464639643124
1417.0,0.0019810212751730214
1418.0,0.0012754289657242069
1419.0,0.003965855367116944
1420.0,0.009635330356047876
1421.0,0.005040361671079129
1422.0,0.0037466833415388773
1423.0,8.443871737645324e-05
1424.0,0.0016007395306945236
1425.0,0.003460904453384451
1426.0,0.00022324979353806075
1427.0,0.0036767278461741354
1428.0,0.0027413581677437513
1429.0,0.00142996933489774
1430.0,0.0032536894200211335
1431.0,0.0010349129488967266
1432.0,0.0016618762073653624
1433.0,0.003085906848393995
1434.0,0.001965824549008279
1435.0,0.003951754091544449
1436.0,0.00576848080541036
1437.0,0.0012352605321390819
1438.0,0.0018245985976991647
1439.0,0.0069878497750388395
1440.0,0.002494637708436417
1441.0,0.0033811442904078596
1442.0,0.001730976949195405
1443.0,0.004795361604828418
1444.0,0.0017682481533330553
1445.0,0.005741503119660306
1446.0,0.0015067127285859812
1447.0,0.0009476529959015024
1448.0,0.0012993010133062713
1449.0,0.0010342729387838201
1450.0,0.0009223952075844966
1451.0,0.0049053279315178265
1452.0,7.474424550755789e-05
1453.0,0.0023646048944010963
1454.0,0.003438279508613977
1455.0,0.0021235136050804676
1456.0,0.002291849608799079
1457.0,0.0009379130957836504
1458.0,0.0009215264050154485
1459.0,0.006227331086553526
1460.0,0.00010324535029187837
1461.0,0.0011473360428078437
1462.0,0.0008958717561819778
1463.0,0.0003677393383963641
1464.0,0.0011405240923577289
1465.0,0.002592931334653152
1466.0,0.00036355321582447756
1467.0,2.3730139738486568e-05
1468.0,0.0009806314601796967
1469.0,0.000829724942270689
1470.0,0.007587125478995194
1471.0,0.0012096148502006784
1472.0,0.00040965378726765016
1473.0,0.001316767588200513
1474.0,0.0026840379388552325
1475.0,0.010227539437268807
1476.0,0.0026035434638139077
1477.0,0.0007850914423448371
1478.0,0.002647878414992425
1479.0,0.0033488225928591775
1480.0,0.0018769135380599525
1481.0,8.211265635977799e-05
1482.0,0.0033428059480078284
1483.0,0.011211115192334697
1484.0,0.0029796143523719235
1485.0,0.005006883347959654
1486.0,0.003265714087090518
1487.0,0.0038753491955767446
1488.0,0.0022186464215274413
1489.0,0.000511352342249395
1490.0,0.006159555375394721
1491.0,0.0004471004939066519
1492.0,0.0018409116927296737
1493.0,0.003264028824799579
1494.0,0.0004721959556301484
1495.0,0.0030707932355748297
1496.0,0.0004195069614520521
1497.0,0.007166092741005304
1498.0,0.0006350434694672763
1499.0,0.001770857611706837
1500.0,0.0005422617790245575
1501.0,8.04520458143992e-05
1502.0,0.000392654303393997
1503.0,0.004392513781251553
1504.0,0.0038728779908541056
1505.0,0.0016767109418111296
1506.0,0.0007902241192015451
1507.0,0.0014785239885865904
1508.0,0.0008148698683743511
1509.0,0.0016812276020542146
1510.0,0.0024151047186946346
1511.0,0.0002924970704056169
1512.0,0.00017351958441613768
1513.0,0.002223864227692343
1514.0,0.00047254416130926963
1515.0,0.005062452721553964
1516.0,0.0031971297830284172
1517.0,0.004391726152386455
1518.0,0.0005848658749023007
1519.0,0.0005510437337113015
1520.0,0.0009451315418978758
1521.0,0.00199265812264073
1522.0,0.0008566295240609209
1523.0,0.0011541788039195193
1524.0,0.0024968997100261016
1525.0,0.0008225460665575149
1526.0,0.003892713047235036
1527.0,0.0003891732330379552
1528.0,0.0003805357521702031
1529.0,0.004179946477732039
1530.0,0.0022236921457156516
1531.0,0.005951882524530178
1532.0,0.00043159949799493523
1533.0,0.0015061627545474197
1534.0,0.006827023582069229
1535.0,0.00019968072625066677
1536.0,0.008017809471992838
1537.0,0.00023014945258463497
1538.0,0.0022275296564985996
1539.0,0.001982004090166623
1540.0,0.0075576167435062475
1541.0,0.007925346495427114
1542.0,0.00018051214698396994
1543.0,0.00012852680894541723
1544.0,0.0006981418720651517
1545.0,0.0008911332386337705
1546.0,0.00046048295922599715
1547.0,0.00026094512803069976
1548.0,0.007078966840972859
1549.0,0.00926845446491442
1550.0,1.2017612134780778e-05
1551.0,0.0023940575752256785
1552.0,0.005687562807856218
1553.0,0.0018534162277177686
1554.0,0.00044724927608611245
1555.0,0.003716602133612929
1556.0,0.002126665674908246
1557.0,0.005767934410755407
1558.0,0.0012351300802909135
1559.0,0.00039707429473570207
1560.0,0.0007279610653790734
1561.0,0.0011882306251381975
1562.0,0.00016592267068350216
1563.0,0.0014206873230957421
1564.0,0.001534675214961221
1565.0,0.0038365766714922164
1566.0,0.00036185181929816013
1567.0,0.001818445223259817
1568.0,0.004387321654358503
1569.0,0.01011679569602559
1570.0,0.0015910105915990526
1571.0,0.0019604878962564383
1572.0,0.0007860532394877253
1573.0,0.00061921973123791
1574.0,0.0008568663544429911
1575.0,0.0023209902563725905
1576.0,0.00025128400673421155
1577.0,0.003273890795887328
1578.0,0.0015064930161646953
1579.0,0.000760296302306908
1580.0,0.0004759950712395044
1581.0,0.0014525911299027284
1582.0,0.004794303885034119
1583.0,0.0008054982387821153
1584.0,0.002789703621868348
1585.0,0.001475573211775039
1586.0,0.0001854487452695909
1587.0,0.0026685651600577014
1588.0,0.007824222953409324
1589.0,0.005508425839340493
1590.0,0.0007759281957558978
1591.0,0.0001389415383581421
1592.0,0.0009119405408793535
1593.0,0.0018323751207694847
1594.0,0.0013863208511755124
1595.0,0.0002825092933885486
1596.0,0.0034080954463196612
1597.0,0.0011280991152155498
1598.0,0.0005839336897023433
1599.0,0.0005259624763445553
1600.0,0.0018385462675577096
1601.0,0.0044925915151041934
1602.0,0.003073982312336882
1603.0,0.0004845742732067429
1604.0,0.000868439155814124
1605.0,0.003168769610661155
1606.0,0.0021915309019629394
1607.0,0.0012001950012600425
1608.0,0.00040654726791925844
1609.0,0.0022735640656104295
1610.0,0.00033748394529981593
1611.0,0.001306544502834934
1612.0,0.00031304785469972457
1613.0,0.0035392068072047384
1614.0,0.002156497836375431
1615.0,0.0006422264862597967
1616.0,0.0032797658001225763
1617.0,8.897768707547593e-05
1618.0,0.004608455479994099
1619.0,0.005739134070482512
1620.0,0.007040481546785007
1621.0,0.0011872494507625376
1622.0,0.00040935481962546766
1623.0,0.0006849662438883141
1624.0,2.553527222031334e-05
1625.0,0.0009476521568920067
1626.0,0.007319157697887991
1627.0,0.0007369273188933403
1628.0,0.0002959825341986972
1629.0,0.0009760207705696421
1630.0,0.0033176892207701925
1631.0,0.00560668218527808
1632.0,1.5083028978932707e-05
1633.0,0.0024546439692958552
1634.0,0.0015085803992063926
1635.0,0.0008589173843420506
1636.0,0.00025521591135037216
1637.0,0.001617049083382651
1638.0,0.0018133814566199057
1639.0,0.004580867523897368
1640.0,0.0005804544124704525
1641.0,0.00253403542102086
1642.0,0.0028766641339132907
1643.0,0.0004167144643333938
1644.0,9.454487553034659e-06
1645.0,0.0003342535763308052
1646.0,0.0007170184381195442
1647.0,0.0005592326114465147
1648.0,0.004566837892790088
1649.0,0.0008162679170120967
1650.0,0.007454204334312346
1651.0,0.00767096615847346
1652.0,0.0006698620764867348
1653.0,0.003525022068295051
1654.0,0.0027514542584581103
1655.0,0.00485707284845314
1656.0,0.0034245737501797198
1657.0,0.0026908705251375764
1658.0,0.002927644516132277
1659.0,0.0002512292198864779
1660.0,0.0008103999753493152
1661.0,9.217346443432348e-05
1662.0,0.009643264684087521
1663.0,0.0006309066192648926
1664.0,8.68059596440904e-05
1665.0,0.002983103835099306
1666.0,0.0018856161585986682
1667.0,0.0035081795834164707
1668.0,0.0015503148081487893
1669.0,0.0023560170096042893
1670.0,0.005600251639884303
1671.0,0.0079079008460631
1672.0,0.001246600717664063
1673.0,5.4913545894058765e-05
1674.0,0.0004061387872867655
1675.0,0.00010842520119974818
1676.0,0.00019698874595990443
1677.0,0.004112327697559491
1678.0,0.001952056108679438
1679.0,0.007250886461797219
1680.0,0.004809609978603872
1681.0,0.0016888961856251791
1682.0,0.003188623986407136
1683.0,0.007581715911152164
1684.0,0.004146566855584117
1685.0,0.003078660719084956
1686.0,0.0014297002010925423
1687.0,0.005864534835725657
1688.0,0.002289492719057577
1689.0,0.0012773366912971482
1690.0,0.0007706361110504697
1691.0,0.003888488694592982
1692.0,0.0018977691861646487
1693.0,0.0040792699091160975
1694.0,0.001375902082772816
1695.0,0.0018105201438634623
1696.0,0.0011184963953176873
1697.0,0.0008308274544455687
1698.0,0.0012100548881774423
1699.0,0.006651018936335858
1700.0,0.0007761658247138423
1701.0,0.0070420411702650735
1702.0,1.1562259235651295e-05
1703.0,0.00017261293251337467
1704.0,0.000622310028936102
1705.0,0.00014086183576901708
1706.0,0.006740191791722273
1707.0,0.000419360155121058
1708.0,0.004884727983091629
1709.0,0.0011271800684935235
1710.0,0.0018082626456544081
1711.0,0.0009420796796491802
1712.0,0.004966397725845409
1713.0,0.00031778030128987
1714.0,0.007787024132870695
1715.0,0.001055015728209199
1716.0,0.001730493540671546
1717.0,0.0010837016094929516
1718.0,0.0028882956195580307
1719.0,0.003166772489657774
1720.0,0.0016176793087074204
1721.0,0.0018639255585771192
1722.0,0.0004472216831668822
1723.0,0.001983809145598047
1724.0,0.004303643372519783
1725.0,0.0019288741236898489
1726.0,0.0018944684200759318
1727.0,0.0022603681819947955
1728.0,0.003913242579325734
1729.0,0.0029322087745423013
1730.0,0.0009941861691716311
1731.0,0.0004892129892026871
1732.0,0.002962731761658673
1733.0,0.0017506690577149535
1734.0,6.0153310538764386e-05
1735.0,0.005167411024931649
1736.0,0.0009579530250853043
1737.0,0.0021019235990715
1738.0,0.0005017978115701564
1739.0,0.0008106689808010214
1740.0,0.001983946619312973
1741.0,0.0004474651742284768
1742.0,0.0009907002478777094
1743.0,0.0001425412725641333
1744.0,0.0008320516211964106
1745.0,0.002981265813259358
1746.0,0.003413314134449128
1747.0,5.2198170341555034e-05
1748.0,0.00460511076983888
1749.0,0.000326496411654857
1750.0,4.252119388256155e-05
1751.0,0.0011350791782235418
1752.0,0.0016605056510352427
1753.0,0.00031789431333811326
1754.0,0.0015834111230669246
1755.0,0.000518570397023027
1756.0,0.0017683487571779376
1757.0,0.000538300952595717
1758.0,0.0017646436605390791
1759.0,1.5319557963820123e-05
1760.0,0.005862040533159809
1761.0,0.00017692207180281119
1762.0,0.003445762823024284
1763.0,6.138438594239357e-05
1764.0,0.001861880088591955
1765.0,0.0009871704928360895
1766.0,0.0006157107191484047
1767.0,0.0018291728517931564
1768.0,0.001856047858068631
1769.0,0.0011552650880301684
1770.0,0.00047220357581820847
1771.0,0.001693611018080444
1772.0,0.0009135849477928406
1773.0,0.00037029873683475025
1774.0,0.008948439456657846
1775.0,0.007607467142863886
1776.0,0.0013491077160791387
1777.0,0.002660620475212745
1778.0,0.0034841193640001854
1779.0,0.0026552473428368894
1780.0,0.006054681502276676
1781.0,0.00014249379410809899
1782.0,0.0003091172472898184
1783.0,0.0041425596270269595
1784.0,0.0011791909558767103
1785.0,0.0018164533239357964
1786.0,0.0004143966772524741
1787.0,0.00028262532082852016
1788.0,0.0012537633557335097
1789.0,0.007231181778907024
1790.0,0.000514034465083647
1791.0,0.000915254981089352
1792.0,0.0025637406503431805
1793.0,0.005083104772943363
1794.0,0.00010343343736386696
1795.0,0.0008687408162820012
1796.0,0.0013476277004320697
1797.0,0.009915093242161395
1798.0,0.0026860893563340348
1799.0,0.0036870168636719013
1800.0,0.0025481001828787002
1801.0,0.0021227614457808744
1802.0,3.526505319158998e-05
1803.0,0.0023989516542576596
1804.0,0.0003934871435158138
1805.0,0.0014547277399760317
1806.0,0.00613564139729788
1807.0,0.0031972641636121824
1808.0,0.0028428676339915474
1809.0,0.009666472915059402
1810.0,0.0006341393387395314
1811.0,0.0010287376100589498
1812.0,3.201778362331872e-06
1813.0,0.0011843594982418376
1814.0,0.002563117768917793
1815.0,0.0002779969127752461
1816.0,0.004257821399989678
1817.0,0.00537883229464197
1818.0,0.001523332285989027
1819.0,0.0035388035626381445
1820.0,0.00272679039432852
1821.0,0.0010496254176372928
1822.0,0.0005661552191634365
1823.0,0.001925491034176556
1824.0,0.0013161931658567634
